﻿<?xml version="1.0" encoding="utf-8" ?>
<Commands>
  <DefaultLocale value="en"/>
  <!-- name is both the code class name (/src/Commands) and the file name for localisation (Case sensitive) -->
  <!-- commands are the console text to execute the command. Seperate each alias for the command with a comma -->
  <!-- defaultpermissionlevel can be overridden in the Saves/serveradmin.xml file, 0=admin level, 1000=anyone -->
  <Command name="BCHelp" commands="bc-help" defaultpermissionlevel="1000"/>

  <!-- List Players - Aliases -->
  <Command name="ListPlayersGamestage" commands="bc-gs" defaultpermissionlevel="0" defaultoptions="online,pp" chathook="bc-gs,pp" chatoptions="online chat color=ff0000"/>
  <Command name="ListPlayersId" commands="bc-lpids,bc-id" defaultpermissionlevel="0" defaultoptions="online,pp"/>
  <Command name="ListPlayersPosition" commands="bc-lppos,bc-lpos" defaultpermissionlevel="0" defaultoptions="online,strpos,pp"/>

  <!-- List Players Legacy -->
  <!--<Command name="ListPlayersBagLegacy" commands="bc-lpbag" defaultpermissionlevel="0" defaultoptions="online"/>
  <Command name="ListPlayersBuffsLegacy" commands="bc-lpbuffs,bc-lpbuff" defaultpermissionlevel="0" defaultoptions="online"/>
  <Command name="ListPlayersClientInfoLegacy" commands="bc-lpci,bc-lpcinfo" defaultpermissionlevel="0" defaultoptions="online"/>
  <Command name="ListPlayersCraftingQueueLegacy" commands="bc-lpcrafts,bc-lpcraft" defaultpermissionlevel="0" defaultoptions="online"/>
  <Command name="ListPlayersEquipmentLegacy" commands="bc-lpequip" defaultpermissionlevel="0" defaultoptions="online"/>
  <Command name="ListPlayersFavRecipesLegacy" commands="bc-lpfavs,bc-lpfav" defaultpermissionlevel="0" defaultoptions="online"/>
  <Command name="ListPlayersQuestsLegacy" commands="bc-lpquests,bc-lpquest" defaultpermissionlevel="0" defaultoptions="online"/>
  <Command name="ListPlayersRecipesLegacy" commands="bc-lprecipes,bc-lprecipe" defaultpermissionlevel="0" defaultoptions="online"/>
  <Command name="ListPlayersSkillsLegacy" commands="bc-lpskills,bc-lpskill" defaultpermissionlevel="0" defaultoptions="online"/>
  <Command name="ListPlayersSpawnsLegacy" commands="bc-lpspawns,bc-lpspawn" defaultpermissionlevel="0" defaultoptions="online"/>
  <Command name="ListPlayersStatsLegacy" commands="bc-lpstats" defaultpermissionlevel="0" defaultoptions="online"/>
  <Command name="ListPlayersToolbeltLegacy" commands="bc-lptools,bc-lptool" defaultpermissionlevel="0" defaultoptions="online"/>
  <Command name="ListPlayersWaypointsLegacy" commands="bc-lpwayp,bc-lpwayps,bc-lpwaypoints" defaultpermissionlevel="0" defaultoptions="online"/>-->

  <!-- GAME OBJECTS -->
  <!-- Players -->
  <Command name="ListPlayerFilesInfo" commands="bc-pfinfo" defaultpermissionlevel="0" defaultoptions="nl"/>
  <Command name="ListPlayers" commands="bc-lp" defaultpermissionlevel="0" defaultoptions="online,pp,strpos" chathook="bc-lp" chatoptions="online filter=0,1,2 chat color=ff0000"/>
  <!-- Other -->
  <Command name="ListTime" commands="bc-time" defaultpermissionlevel="0" defaultoptions="nl"/>
  <Command name="ListVersions" commands="bc-version" defaultpermissionlevel="0" defaultoptions="nl"/>
  <Command name="ListHubCellData" commands="bc-lhcd,bc-hcd" defaultpermissionlevel="0" defaultoptions="nl"/>
  <Command name="ListArchetypes" commands="bc-arch,bc-archetypes" defaultpermissionlevel="0" defaultoptions="csv"/>
  <Command name="ListBiomes" commands="bc-biomes" defaultpermissionlevel="0" defaultoptions="csv"/>
  <Command name="ListBiomeSpawning" commands="bc-biomespawns" defaultpermissionlevel="0" defaultoptions="csv"/>
  <Command name="ListBuffs" commands="bc-buffs" defaultpermissionlevel="0" defaultoptions="csv"/>
  <Command name="ListEntityClasses" commands="bc-lec,bc-entityclasses" defaultpermissionlevel="0" defaultoptions="csv"/>
  <Command name="ListEntityGroups" commands="bc-leg,bc-entitygroups" defaultpermissionlevel="0" defaultoptions="csv"/>
  <Command name="ListItemClass" commands="bc-ic,bc-itemclasses" defaultpermissionlevel="0" defaultoptions="csv"/>
  <Command name="ListLoot" commands="bc-loot" defaultpermissionlevel="0" defaultoptions="csv"/>
  <Command name="ListMaterials" commands="bc-mats,bc-materials" defaultpermissionlevel="0" defaultoptions="csv"/>
  <Command name="ListPrefabs" commands="bc-prefabs" defaultpermissionlevel="0" defaultoptions="csv"/>
  <Command name="ListQuests" commands="bc-quests" defaultpermissionlevel="0" defaultoptions="csv"/>
  <Command name="ListRecipes" commands="bc-recipes" defaultpermissionlevel="0" defaultoptions="csv"/>
  <Command name="ListSkills" commands="bc-skills" defaultpermissionlevel="0" defaultoptions="csv"/>
  <Command name="ListSpawners" commands="bc-spawners" defaultpermissionlevel="0" defaultoptions="csv"/>
  <Command name="ListActiveChunks" commands="bc-chunks,bc-cc" defaultpermissionlevel="0" defaultoptions="csv"/>
  <Command name="ListAssets" commands="bc-assets" defaultpermissionlevel="0" defaultoptions="csv"/>
  <Command name="ListRWG" commands="bc-rwg" defaultpermissionlevel="0" defaultoptions="csv"/>

  <!--<Command name="ListBlocks" commands="bc-blocks" defaultpermissionlevel="0" defaultoptions="csv"/>-->
  <!--<Command name="ListItems" commands="bc-items" defaultpermissionlevel="0" defaultoptions="csv"/>-->
  <!--<Command name="ListGamestages" commands="bc-gamestages" defaultpermissionlevel="0"/>-->
  <!--<Command name="ListNPCs" commands="bc-npcs" defaultpermissionlevel="0"/>-->
  <!--<Command name="ListTraders" commands="bc-traders" defaultpermissionlevel="0"/>-->
  <!--<Command name="ListUtilityAI" commands="bc-uai" defaultpermissionlevel="0"/>-->
  <!--<Command name="ListSounds" commands="bc-sounds" defaultpermissionlevel="0"/>-->
  <!--<Command name="ListVehicles" commands="bc-vehicles" defaultpermissionlevel="0"/>-->
  <!--<Command name="ListWeather" commands="bc-weather" defaultpermissionlevel="0"/>-->

  <!-- Admin Players -->
  <Command name="GiveQuestToPlayer" commands="bc-gpq,bc-gpquest" defaultpermissionlevel="0" defaultoptions=""/>
  <Command name="RemoveQuestFromPlayer" commands="bc-rpq,bc-rpquest" defaultpermissionlevel="0" defaultoptions=""/>
  <Command name="GiveBuffToPlayer" commands="bc-gpb,bc-gpbuff" defaultpermissionlevel="0" defaultoptions=""/>
  <Command name="RemoveBuffFromPlayer" commands="bc-rpb,bc-rpbuff" defaultpermissionlevel="0" defaultoptions=""/>
  <Command name="SetSkillOnPlayer" commands="bc-setskill,setskill" defaultpermissionlevel="0" defaultoptions=""/>

  <!-- Admin Entities -->
  <Command name="ListEntities" commands="bc-le" defaultpermissionlevel="0" defaultoptions="nl,alive"/>
  <Command name="GiveBuffToEntity" commands="bc-geb,bc-gebuff" defaultpermissionlevel="0" defaultoptions=""/>
  <Command name="RemoveBuffFromEntity" commands="bc-reb,bc-debuff,bc-rembuff" defaultpermissionlevel="0" defaultoptions=""/>
  <Command name="BCRemove" commands="bc-remove,remove" defaultpermissionlevel="0" defaultoptions=""/>
  <Command name="BCSpawn" commands="bc-spawn,spawn" defaultpermissionlevel="0" defaultoptions=""/>
  <Command name="BCGetSpawn" commands="bc-getspawn" defaultpermissionlevel="0" defaultoptions=""/>
  <Command name="BCHordeSpawners" commands="bc-showspawn,manager,shsm" defaultpermissionlevel="0" defaultoptions=""/>

  <!-- Admin World -->
  <Command name="BCImport" commands="bc-import,import" defaultpermissionlevel="0" defaultoptions=""/>
  <Command name="BCExport" commands="bc-export,export" defaultpermissionlevel="0" defaultoptions=""/>
  <Command name="BCWorldBlocks" commands="bc-wblocks,block" defaultpermissionlevel="0" defaultoptions=""/>
  <Command name="BCLocation" commands="bc-loc,loc,pos" defaultpermissionlevel="1000" defaultoptions=""/>
  <Command name="BCVisitRegion" commands="bc-visitregion,visit" defaultpermissionlevel="0" defaultoptions=""/>
  <Command name="BCTileEntity" commands="bc-tileentity,secure,tile" defaultpermissionlevel="0" defaultoptions=""/>
  <!--<Command name="BCReset" commands="bc-reset" defaultpermissionlevel="0" defaultoptions=""/>-->

  <!-- UTILITY -->
  <Command name="Settings" commands="bc-settings,set" defaultpermissionlevel="0"/>
  <Command name="MemTrash" commands="bc-trash" defaultpermissionlevel="0"/>

  <!-- TEST -->
  <Command name="Test" commands="bc-test" defaultpermissionlevel="0"/>
</Commands>
